http://www.ncbi.nlm.nih.gov/pubmed/27219105,PLoS One,1464210128.664825,154354,1000,27,"Association between Exposure to Benzodiazepines and Related Drugs and Survivorship of Total Hip Replacement in Arthritis: A Population-Based Cohort Study of 246,940 Patients.",772,1464210131.149625,PLoS One. 2016 May 24;11(5):e0155783. doi: 10.1371/journal.pone.0155783. eCollection 2016.,0:00:02.48,PloS one,"Beziz D, Colas S, Collin C, Dray-Spira R, Zureik M.",1,PLoS One,27219105,http://dx.plos.org/10.1371/journal.pone.0155783
http://www.ncbi.nlm.nih.gov/pubmed/27219458,PLoS One,1464210128.663817,154354,1000,14,"Changing Epidemiology of Common Cancers in Southern Iran, 2007-2010: A Cross Sectional Study.",772,1464210131.216126,PLoS One. 2016 May 24;11(5):e0155669. doi: 10.1371/journal.pone.0155669. eCollection 2016.,0:00:02.55,PloS one,"Masoompour SM, Lankarani KB, Honarvar B, Tabatabaee SH, Moghadami M, Khosravizadegan Z.",1,PLoS One,27219458,http://dx.plos.org/10.1371/journal.pone.0155669
http://www.ncbi.nlm.nih.gov/pubmed/27219671,PLoS One,1464210128.662238,154354,1000,1,Using Link Disconnection Entropy Disorder to Detect Fast Moving Nodes in MANETs.,772,1464210131.402392,PLoS One. 2016 May 24;11(5):e0155820. doi: 10.1371/journal.pone.0155820. eCollection 2016.,0:00:02.74,PloS one,"Alvarez CF, Palafox LE, Aguilar L, Sanchez MA, Martinez LG.",1,PLoS One,27219671,http://dx.plos.org/10.1371/journal.pone.0155820
http://www.ncbi.nlm.nih.gov/pubmed/27218829,PLoS One,1464210128.667188,154354,1000,40,Assessing Greater Sage-Grouse Selection of Brood-Rearing Habitat Using Remotely-Sensed Imagery: Can Readily Available High-Resolution Imagery Be Used to Identify Brood-Rearing Habitat Across a Broad Landscape?,772,1464210131.462203,PLoS One. 2016 May 24;11(5):e0156290. doi: 10.1371/journal.pone.0156290. eCollection 2016.,0:00:02.80,PloS one,"Westover M, Baxter J, Baxter R, Day C, Jensen R, Petersen S, Larsen R.",1,PLoS One,27218829,http://dx.plos.org/10.1371/journal.pone.0156290
http://www.ncbi.nlm.nih.gov/pubmed/27219101,PLoS One,1464210131.150475,154354,1000,28,Socially Important Faces Are Processed Preferentially to Other Familiar and Unfamiliar Faces in a Priming Task across a Range of Viewpoints.,772,1464210132.473371,PLoS One. 2016 May 24;11(5):e0156350. doi: 10.1371/journal.pone.0156350. eCollection 2016.,0:00:01.32,PloS one,"Keyes H, Zalicks C.",1,PLoS One,27219101,http://dx.plos.org/10.1371/journal.pone.0156350
http://www.ncbi.nlm.nih.gov/pubmed/27218821,PLoS One,1464210131.462457,154354,1000,41,Differential Expression of Extracellular Matrix and Adhesion Molecules in Fetal-Origin Amniotic Epithelial Cells of Preeclamptic Pregnancy.,772,1464210132.711225,PLoS One. 2016 May 24;11(5):e0156038. doi: 10.1371/journal.pone.0156038. eCollection 2016.,0:00:01.25,PloS one,"Kim MS, Yu JH, Lee MY, Kim AL, Jo MH, Kim M, Cho SR, Kim YH.",1,PLoS One,27218821,http://dx.plos.org/10.1371/journal.pone.0156038
http://www.ncbi.nlm.nih.gov/pubmed/27219661,PLoS One,1464210131.402769,154354,1000,2,Correction: Early Treatment Critical: Bexarotene Reduces Amyloid-Beta Burden In Silico.,772,1464210133.08814,PLoS One. 2016 May 24;11(5):e0156474. doi: 10.1371/journal.pone.0156474. eCollection 2016.,0:00:01.69,PloS one,"Rosenthal J, Belfort G, Isaacson D.",1,PLoS One,27219661,http://dx.plos.org/10.1371/journal.pone.0156474
http://www.ncbi.nlm.nih.gov/pubmed/27219067,PLoS One,1464210132.473607,154354,1000,29,A New Approach for On-Demand Generation of Various Oxygen Tensions for In Vitro Hypoxia Models.,772,1464210133.606234,PLoS One. 2016 May 24;11(5):e0155921. doi: 10.1371/journal.pone.0155921. eCollection 2016.,0:00:01.13,PloS one,"Li C, Chaung W, Mozayan C, Chabra R, Wang P, Narayan RK.",1,PLoS One,27219067,http://dx.plos.org/10.1371/journal.pone.0155921
http://www.ncbi.nlm.nih.gov/pubmed/27218820,PLoS One,1464210132.71147,154354,1000,42,Indications for Three Independent Domestication Events for the Tea Plant (Camellia sinensis (L.) O. Kuntze) and New Insights into the Origin of Tea Germplasm in China and India Revealed by Nuclear Microsatellites.,772,1464210133.812304,PLoS One. 2016 May 24;11(5):e0155369. doi: 10.1371/journal.pone.0155369. eCollection 2016.,0:00:01.10,PloS one,"Meegahakumbura MK, Wambulwa MC, Thapa KK, Li MM, Möller M, Xu JC, Yang JB, Liu BY, Ranjitkar S, Liu J, Li DZ, Gao LM.",1,PLoS One,27218820,http://dx.plos.org/10.1371/journal.pone.0155369
http://www.ncbi.nlm.nih.gov/pubmed/27219454,PLoS One,1464210131.216444,154354,1000,15,The Value of Continuity between Primary Care and Surgical Care in Colon Cancer.,772,1464210134.24765,PLoS One. 2016 May 24;11(5):e0155789. doi: 10.1371/journal.pone.0155789. eCollection 2016.,0:00:03.03,PloS one,"Hussain T, Chang HY, Luu NP, Pollack CE.",1,PLoS One,27219454,http://dx.plos.org/10.1371/journal.pone.0155789
http://www.ncbi.nlm.nih.gov/pubmed/27219621,PLoS One,1464210133.088423,154354,1000,3,Comparison of Cardiac and Non-Cardiac Biomarkers for Risk Stratification in Elderly Patients with Non-Massive Pulmonary Embolism.,772,1464210134.89927,PLoS One. 2016 May 24;11(5):e0155973. doi: 10.1371/journal.pone.0155973. eCollection 2016.,0:00:01.81,PloS one,"Vuilleumier N, Simona A, Méan M, Limacher A, Lescuyer P, Gerstel E, Bounameaux H, Aujesky D, Righini M.",1,PLoS One,27219621,http://dx.plos.org/10.1371/journal.pone.0155973
http://www.ncbi.nlm.nih.gov/pubmed/27218804,PLoS One,1464210133.812577,154354,1000,43,Clustering-Induced Attraction in Granular Mixtures of Rods and Spheres.,772,1464210134.916802,PLoS One. 2016 May 24;11(5):e0156153. doi: 10.1371/journal.pone.0156153. eCollection 2016.,0:00:01.10,PloS one,"Rodríguez-Liñán GM, Nahmad-Molinari Y, Pérez-Ángel G.",1,PLoS One,27218804,http://dx.plos.org/10.1371/journal.pone.0156153
http://www.ncbi.nlm.nih.gov/pubmed/27219066,PLoS One,1464210133.606431,154354,1000,30,Retrogradation of Maize Starch after High Hydrostatic Pressure Gelation: Effect of Amylose Content and Depressurization Rate.,772,1464210135.209733,PLoS One. 2016 May 24;11(5):e0156061. doi: 10.1371/journal.pone.0156061. eCollection 2016.,0:00:01.60,PloS one,"Yang Z, Swedlund P, Gu Q, Hemar Y, Chaieb S.",1,PLoS One,27219066,http://dx.plos.org/10.1371/journal.pone.0156061
http://www.ncbi.nlm.nih.gov/pubmed/27219619,PLoS One,1464210134.899649,154354,1000,4,Lysosomal Acid Lipase Activity Is Reduced Both in Cryptogenic Cirrhosis and in Cirrhosis of Known Etiology.,772,1464210136.685478,PLoS One. 2016 May 24;11(5):e0156113. doi: 10.1371/journal.pone.0156113. eCollection 2016.,0:00:01.79,PloS one,"Vespasiani-Gentilucci U, Gallo P, Piemonte F, Riva E, Porcari A, Vorini F, Tozzi G, Piccioni L, Galati G, De Vincentis A, Carotti S, Morini S, D'Amico J, Angeletti S, Pedone C, Picardi A.",1,PLoS One,27219619,http://dx.plos.org/10.1371/journal.pone.0156113
http://www.ncbi.nlm.nih.gov/pubmed/27219618,PLoS One,1464210136.685838,154354,1000,5,The New 3D Printed Left Atrial Appendage Closure with a Novel Holdfast Device: A Pre-Clinical Feasibility Animal Study.,772,1464210137.816354,PLoS One. 2016 May 24;11(5):e0154559. doi: 10.1371/journal.pone.0154559. eCollection 2016.,0:00:01.13,PloS one,"Brzeziński M, Bury K, Dąbrowski L, Holak P, Sejda A, Pawlak M, Jagielak D, Adamiak Z, Rogowski J.",1,PLoS One,27219618,http://dx.plos.org/10.1371/journal.pone.0154559
http://www.ncbi.nlm.nih.gov/pubmed/27219052,PLoS One,1464210135.210084,154354,1000,31,Global Carrier Rates of Rare Inherited Disorders Using Population Exome Sequences.,772,1464210138.126356,PLoS One. 2016 May 24;11(5):e0155552. doi: 10.1371/journal.pone.0155552. eCollection 2016.,0:00:02.92,PloS one,Fujikura K.,1,PLoS One,27219052,http://dx.plos.org/10.1371/journal.pone.0155552
http://www.ncbi.nlm.nih.gov/pubmed/27219540,PLoS One,1464210137.81654,154354,1000,6,Pre-Natal Exposure to Mouse Parvovirus at Day 5 and 12 Gestation Does Not Induce Immune Tolerance.,772,1464210138.821712,PLoS One. 2016 May 24;11(5):e0156248. doi: 10.1371/journal.pone.0156248. eCollection 2016.,0:00:01.01,PloS one,"Kendall LV, Allaband C, Henderson KS.",1,PLoS One,27219540,http://dx.plos.org/10.1371/journal.pone.0156248
http://www.ncbi.nlm.nih.gov/pubmed/27219050,PLoS One,1464210138.126538,154354,1000,32,Correction: Presequence-Independent Mitochondrial Import of DNA Ligase Facilitates Establishment of Cell Lines with Reduced mtDNA Copy Number.,772,1464210139.398245,PLoS One. 2016 May 24;11(5):e0156168. doi: 10.1371/journal.pone.0156168. eCollection 2016.,0:00:01.27,PloS one,"Spadafora D, Kozhukhar N, Alexeyev MF.",1,PLoS One,27219050,http://dx.plos.org/10.1371/journal.pone.0156168
http://www.ncbi.nlm.nih.gov/pubmed/27219539,PLoS One,1464210138.821914,154354,1000,7,Adaptive Neuro-Fuzzy Determination of the Effect of Experimental Parameters on Vehicle Agent Speed Relative to Vehicle Intruder.,772,1464210139.680717,PLoS One. 2016 May 24;11(5):e0155697. doi: 10.1371/journal.pone.0155697. eCollection 2016.,0:00:00.86,PloS one,"Shamshirband S, Banjanovic-Mehmedovic L, Bosankic I, Kasapovic S, Abdul Wahab AW.",1,PLoS One,27219539,http://dx.plos.org/10.1371/journal.pone.0155697
http://www.ncbi.nlm.nih.gov/pubmed/27219355,PLoS One,1464210134.247872,154354,1000,16,Correction: Methylation Markers for the Identification of Body Fluids and Tissues from Forensic Trace Evidence.,772,1464210139.793988,PLoS One. 2016 May 24;11(5):e0156472. doi: 10.1371/journal.pone.0156472. eCollection 2016.,0:00:05.55,PloS one,"Forat S, Huettel B, Reinhardt R, Fimmers R, Haidl G, Denschlag D, Olek K.",1,PLoS One,27219355,http://dx.plos.org/10.1371/journal.pone.0156472
http://www.ncbi.nlm.nih.gov/pubmed/27219015,PLoS One,1464210139.398521,154354,1000,33,Autophagy Induced by Intracellular Infection of Propionibacterium acnes.,772,1464210140.612514,PLoS One. 2016 May 24;11(5):e0156298. doi: 10.1371/journal.pone.0156298. eCollection 2016.,0:00:01.21,PloS one,"Nakamura T, Furukawa A, Uchida K, Ogawa T, Tamura T, Sakonishi D, Wada Y, Suzuki Y, Ishige Y, Minami J, Akashi T, Eishi Y.",1,PLoS One,27219015,http://dx.plos.org/10.1371/journal.pone.0156298
http://www.ncbi.nlm.nih.gov/pubmed/27219337,PLoS One,1464210139.794201,154354,1000,17,Down-Regulation of AKT Signalling by Ursolic Acid Induces Intrinsic Apoptosis and Sensitization to Doxorubicin in Soft Tissue Sarcoma.,772,1464210141.217989,PLoS One. 2016 May 24;11(5):e0155946. doi: 10.1371/journal.pone.0155946. eCollection 2016.,0:00:01.42,PloS one,"Villar VH, Vögler O, Barceló F, Martín-Broto J, Martínez-Serra J, Ruiz-Gutiérrez V, Alemany R.",1,PLoS One,27219337,http://dx.plos.org/10.1371/journal.pone.0155946
http://www.ncbi.nlm.nih.gov/pubmed/27219012,PLoS One,1464210140.612787,154354,1000,34,"Ani9, A Novel Potent Small-Molecule ANO1 Inhibitor with Negligible Effect on ANO2.",772,1464210141.54149,PLoS One. 2016 May 24;11(5):e0155771. doi: 10.1371/journal.pone.0155771. eCollection 2016.,0:00:00.93,PloS one,"Seo Y, Lee HK, Park J, Jeon DK, Jo S, Jo M, Namkung W.",1,PLoS One,27219012,http://dx.plos.org/10.1371/journal.pone.0155771
http://www.ncbi.nlm.nih.gov/pubmed/27219334,PLoS One,1464210141.218252,154354,1000,18,Cytokine and Chemokine Expression in Kidneys during Chronic Leptospirosis in Reservoir and Susceptible Animal Models.,772,1464210142.64231,PLoS One. 2016 May 24;11(5):e0156084. doi: 10.1371/journal.pone.0156084. eCollection 2016.,0:00:01.42,PloS one,"Matsui M, Roche L, Geroult S, Soupé-Gilbert ME, Monchy D, Huerre M, Goarant C.",1,PLoS One,27219334,http://dx.plos.org/10.1371/journal.pone.0156084
http://www.ncbi.nlm.nih.gov/pubmed/27219517,PLoS One,1464210139.681,154354,1000,8,Midkine Increases Diagnostic Yield in AFP Negative and NASH-Related Hepatocellular Carcinoma.,772,1464210142.696682,PLoS One. 2016 May 24;11(5):e0155800. doi: 10.1371/journal.pone.0155800. eCollection 2016.,0:00:03.02,PloS one,"Vongsuvanh R, van der Poorten D, Iseli T, Strasser SI, McCaughan GW, George J.",1,PLoS One,27219517,http://dx.plos.org/10.1371/journal.pone.0155800
http://www.ncbi.nlm.nih.gov/pubmed/27219009,PLoS One,1464210141.541729,154354,1000,35,Pigment Epithelium-Derived Factor Mediates Autophagy and Apoptosis in Myocardial Hypoxia/Reoxygenation Injury.,772,1464210142.876816,PLoS One. 2016 May 24;11(5):e0156059. doi: 10.1371/journal.pone.0156059. eCollection 2016.,0:00:01.34,PloS one,"Kuo HF, Liu PL, Chong IW, Liu YP, Chen YH, Ku PM, Li CY, Chen HH, Chiang HC, Wang CL, Chen HJ, Chen YC, Hsieh CC.",1,PLoS One,27219009,http://dx.plos.org/10.1371/journal.pone.0156059
http://www.ncbi.nlm.nih.gov/pubmed/27218803,PLoS One,1464210134.917041,154354,1000,44,Computational Framework for Prediction of Peptide Sequences That May Mediate Multiple Protein Interactions in Cancer-Associated Hub Proteins.,772,1464210143.247604,PLoS One. 2016 May 24;11(5):e0155911. doi: 10.1371/journal.pone.0155911. eCollection 2016.,0:00:08.33,PloS one,"Sarkar D, Patra P, Ghosh A, Saha S.",1,PLoS One,27218803,http://dx.plos.org/10.1371/journal.pone.0155911
http://www.ncbi.nlm.nih.gov/pubmed/27219329,PLoS One,1464210142.642551,154354,1000,19,Can Native T1 Mapping Differentiate between Healthy and Diffuse Diseased Myocardium in Clinical Routine Cardiac MR Imaging?,772,1464210143.90788,PLoS One. 2016 May 24;11(5):e0155591. doi: 10.1371/journal.pone.0155591. eCollection 2016.,0:00:01.27,PloS one,"Goebel J, Seifert I, Nensa F, Schemuth HP, Maderwald S, Quick HH, Schlosser T, Jensen C, Bruder O, Nassenstein K.",1,PLoS One,27219329,http://dx.plos.org/10.1371/journal.pone.0155591
http://www.ncbi.nlm.nih.gov/pubmed/27219510,PLoS One,1464210142.696852,154354,1000,9,Correction: Relative Importance and Additive Effects of Maternal and Infant Risk Factors on Childhood Asthma.,772,1464210143.974042,PLoS One. 2016 May 24;11(5):e0156473. doi: 10.1371/journal.pone.0156473. eCollection 2016.,0:00:01.28,PloS one,"Wu P, Feldman AS, Rosas-Salazar C, James K, Escobar G, Gebretsadik T, Li SX, Carroll KN, Walsh E, Mitchel E, Das S, Kumar R, Yu C, Dupont WD, Hartert TV.",1,PLoS One,27219510,http://dx.plos.org/10.1371/journal.pone.0156473
http://www.ncbi.nlm.nih.gov/pubmed/27219007,PLoS One,1464210142.877057,154354,1000,36,CTCF and CohesinSA-1 Mark Active Promoters and Boundaries of Repressive Chromatin Domains in Primary Human Erythroid Cells.,772,1464210145.029627,PLoS One. 2016 May 24;11(5):e0155378. doi: 10.1371/journal.pone.0155378. eCollection 2016.,0:00:02.15,PloS one,"Steiner LA, Schulz V, Makismova Y, Lezon-Geyda K, Gallagher PG.",1,PLoS One,27219007,http://dx.plos.org/10.1371/journal.pone.0155378
http://www.ncbi.nlm.nih.gov/pubmed/27218681,PLoS One,1464210143.247867,154354,1000,45,Developmentally Sensitive Interaction Effects of Genes and the Social Environment on Total and Subcortical Brain Volumes.,772,1464210145.048065,PLoS One. 2016 May 24;11(5):e0155755. doi: 10.1371/journal.pone.0155755. eCollection 2016.,0:00:01.80,PloS one,"Richards JS, Arias Vásquez A, Franke B, Hoekstra PJ, Heslenfeld DJ, Oosterlaan J, Faraone SV, Buitelaar JK, Hartman CA.",1,PLoS One,27218681,http://dx.plos.org/10.1371/journal.pone.0155755
http://www.ncbi.nlm.nih.gov/pubmed/27219470,PLoS One,1464210143.974509,154354,1000,10,Inhibition in the Human Auditory Cortex.,772,1464210145.552944,PLoS One. 2016 May 24;11(5):e0155972. doi: 10.1371/journal.pone.0155972. eCollection 2016.,0:00:01.58,PloS one,"Inui K, Nakagawa K, Nishihara M, Motomura E, Kakigi R.",1,PLoS One,27219470,http://dx.plos.org/10.1371/journal.pone.0155972
http://www.ncbi.nlm.nih.gov/pubmed/27219005,PLoS One,1464210145.030032,154354,1000,37,"HIV Incidence and Predictors of Incident HIV among Men Who Have Sex with Men Attending a Sexual Health Clinic in Melbourne, Australia.",772,1464210146.096672,PLoS One. 2016 May 24;11(5):e0156160. doi: 10.1371/journal.pone.0156160. eCollection 2016.,0:00:01.07,PloS one,"Cheung KT, Fairley CK, Read TR, Denham I, Fehler G, Bradshaw CS, Chen MY, Chow EP.",1,PLoS One,27219005,http://dx.plos.org/10.1371/journal.pone.0156160
http://www.ncbi.nlm.nih.gov/pubmed/27218674,PLoS One,1464210145.048329,154354,1000,46,In Vivo Pharmacokinetics/Pharmacodynamics of Cefquinome in an Experimental Mouse Model of Staphylococcus Aureus Mastitis following Intramammary Infusion.,772,1464210146.131151,PLoS One. 2016 May 24;11(5):e0156273. doi: 10.1371/journal.pone.0156273. eCollection 2016.,0:00:01.08,PloS one,"Yu Y, Zhou YF, Chen MR, Li X, Qiao GL, Sun J, Liao XP, Liu YH.",1,PLoS One,27218674,http://dx.plos.org/10.1371/journal.pone.0156273
http://www.ncbi.nlm.nih.gov/pubmed/27219467,PLoS One,1464210145.553227,154354,1000,11,Antibody and Cytokine Responses of Koalas (Phascolarctos cinereus) Vaccinated with Recombinant Chlamydial Major Outer Membrane Protein (MOMP) with Two Different Adjuvants.,772,1464210147.985723,PLoS One. 2016 May 24;11(5):e0156094. doi: 10.1371/journal.pone.0156094. eCollection 2016.,0:00:02.43,PloS one,"Khan SA, Desclozeaux M, Waugh C, Hanger J, Loader J, Gerdts V, Potter A, Polkinghorne A, Beagley K, Timms P.",1,PLoS One,27219467,http://dx.plos.org/10.1371/journal.pone.0156094
http://www.ncbi.nlm.nih.gov/pubmed/27218659,PLoS One,1464210146.131384,154354,1000,47,Nation Binding: How Public Service Broadcasting Mitigates Political Selective Exposure.,772,1464210148.001223,PLoS One. 2016 May 24;11(5):e0155112. doi: 10.1371/journal.pone.0155112. eCollection 2016.,0:00:01.87,PloS one,"Bos L, Kruikemeier S, de Vreese C.",1,PLoS One,27218659,http://dx.plos.org/10.1371/journal.pone.0155112
http://www.ncbi.nlm.nih.gov/pubmed/27219328,PLoS One,1464210143.908082,154354,1000,20,Palmitoylethanolamide Modulates Inflammation-Associated Vascular Endothelial Growth Factor (VEGF) Signaling via the Akt/mTOR Pathway in a Selective Peroxisome Proliferator-Activated Receptor Alpha (PPAR-α)-Dependent Manner.,772,1464210149.776266,PLoS One. 2016 May 24;11(5):e0156198. doi: 10.1371/journal.pone.0156198. eCollection 2016.,0:00:05.87,PloS one,"Sarnelli G, D'Alessandro A, Iuvone T, Capoccia E, Gigli S, Pesce M, Seguella L, Nobile N, Aprea G, Maione F, de Palma GD, Cuomo R, Steardo L, Esposito G.",1,PLoS One,27219328,http://dx.plos.org/10.1371/journal.pone.0156198
http://www.ncbi.nlm.nih.gov/pubmed/27219003,PLoS One,1464210146.096963,154354,1000,38,"Clinical and Molecular Epidemiology of Multidrug-Resistant P. aeruginosa Carrying aac(6')-Ib-cr, qnrS1 and blaSPM Genes in Brazil.",772,1464210150.281476,PLoS One. 2016 May 24;11(5):e0155914. doi: 10.1371/journal.pone.0155914. eCollection 2016.,0:00:04.18,PloS one,"Araujo BF, Ferreira ML, Campos PA, Royer S, Batistão DW, Dantas RC, Gonçalves IR, Faria AL, Brito CS, Yokosawa J, Gontijo-Filho PP, Ribas RM.",1,PLoS One,27219003,http://dx.plos.org/10.1371/journal.pone.0155914
http://www.ncbi.nlm.nih.gov/pubmed/27218654,PLoS One,1464210148.001466,154354,1000,48,"Deepwater Chondrichthyan Bycatch of the Eastern King Prawn Fishery in the Southern Great Barrier Reef, Australia.",772,1464210150.549773,PLoS One. 2016 May 24;11(5):e0156036. doi: 10.1371/journal.pone.0156036. eCollection 2016.,0:00:02.55,PloS one,"Rigby CL, White WT, Simpfendorfer CA.",1,PLoS One,27218654,http://dx.plos.org/10.1371/journal.pone.0156036
http://www.ncbi.nlm.nih.gov/pubmed/27219327,PLoS One,1464210149.776466,154354,1000,21,Intermediate-Range Migration Furnishes a Narrow Margin of Efficiency in the Two-Strategy Competition.,772,1464210150.777537,PLoS One. 2016 May 24;11(5):e0155787. doi: 10.1371/journal.pone.0155787. eCollection 2016.,0:00:01.00,PloS one,"Zhang Y, Su Q, Sun C.",1,PLoS One,27219327,http://dx.plos.org/10.1371/journal.pone.0155787
http://www.ncbi.nlm.nih.gov/pubmed/27218830,PLoS One,1464210150.281723,154354,1000,39,A Comparison of the Cheater Detection and the Unrelated Question Models: A Randomized Response Survey on Physical and Cognitive Doping in Recreational Triathletes.,772,1464210151.662686,PLoS One. 2016 May 24;11(5):e0155765. doi: 10.1371/journal.pone.0155765. eCollection 2016.,0:00:01.38,PloS one,"Schröter H, Studzinski B, Dietz P, Ulrich R, Striegel H, Simon P.",1,PLoS One,27218830,http://dx.plos.org/10.1371/journal.pone.0155765
http://www.ncbi.nlm.nih.gov/pubmed/27218652,PLoS One,1464210150.54998,154354,1000,49,The Effect of Seasonal Ambient Temperatures on Fire-Stimulated Germination of Species with Physiological Dormancy: A Case Study Using Boronia (Rutaceae).,772,1464210152.102694,PLoS One. 2016 May 24;11(5):e0156142. doi: 10.1371/journal.pone.0156142. eCollection 2016.,0:00:01.55,PloS one,"Mackenzie BD, Auld TD, Keith DA, Hui FK, Ooi MK.",1,PLoS One,27218652,http://dx.plos.org/10.1371/journal.pone.0156142
http://www.ncbi.nlm.nih.gov/pubmed/27219466,PLoS One,1464210147.985964,154354,1000,12,How Does National Scientific Funding Support Emerging Interdisciplinary Research: A Comparison Study of Big Data Research in the US and China.,772,1464210152.261589,PLoS One. 2016 May 24;11(5):e0154509. doi: 10.1371/journal.pone.0154509. eCollection 2016.,0:00:04.28,PloS one,"Huang Y, Zhang Y, Youtie J, Porter AL, Wang X.",1,PLoS One,27219466,http://dx.plos.org/10.1371/journal.pone.0154509
http://www.ncbi.nlm.nih.gov/pubmed/27219325,PLoS One,1464210150.777758,154354,1000,22,Correction: Impact on Patients' Treatment Outcomes of XpertMTB/RIF Implementation for the Diagnosis of Tuberculosis: Follow-Up of a Stepped-Wedge Randomized Clinical Trial.,772,1464210152.531598,PLoS One. 2016 May 24;11(5):e0156471. doi: 10.1371/journal.pone.0156471. eCollection 2016.,0:00:01.75,PloS one,"Trajman A, Durovni B, Saraceni V, Menezes A, Cordeiro-Santos M, Cobelens F, Van den Hof S.",1,PLoS One,27219325,http://dx.plos.org/10.1371/journal.pone.0156471
http://www.ncbi.nlm.nih.gov/pubmed/27218467,PLoS One,1464210151.663078,154354,1000,53,Association between Daily Hydrogen Sulfide Exposure and Incidence of Emergency Hospital Visits: A Population-Based Study.,772,1464210152.970194,PLoS One. 2016 May 24;11(5):e0154946. doi: 10.1371/journal.pone.0154946. eCollection 2016.,0:00:01.31,PloS one,"Finnbjornsdottir RG, Carlsen HK, Thorsteinsson T, Oudin A, Lund SH, Gislason T, Rafnsson V.",1,PLoS One,27218467,http://dx.plos.org/10.1371/journal.pone.0154946
http://www.ncbi.nlm.nih.gov/pubmed/27218651,PLoS One,1464210152.102971,154354,1000,50,MHD Flow and Heat Transfer between Coaxial Rotating Stretchable Disks in a Thermally Stratified Medium.,772,1464210153.648084,PLoS One. 2016 May 24;11(5):e0155899. doi: 10.1371/journal.pone.0155899. eCollection 2016.,0:00:01.55,PloS one,"Hayat T, Qayyum S, Imtiaz M, Alsaedi A.",1,PLoS One,27218651,http://dx.plos.org/10.1371/journal.pone.0155899
http://www.ncbi.nlm.nih.gov/pubmed/27218465,PLoS One,1464210152.970421,154354,1000,54,Functional Assessment of Corticospinal System Excitability in Karate Athletes.,772,1464210153.975394,PLoS One. 2016 May 24;11(5):e0155998. doi: 10.1371/journal.pone.0155998. eCollection 2016.,0:00:01.00,PloS one,"Moscatelli F, Messina G, Valenzano A, Monda V, Viggiano A, Messina A, Petito A, Triggiani AI, Ciliberti MA, Monda M, Capranica L, Cibelli G.",1,PLoS One,27218465,http://dx.plos.org/10.1371/journal.pone.0155998
http://www.ncbi.nlm.nih.gov/pubmed/27219460,PLoS One,1464210152.263114,154354,1000,13,"Identifying Lesbian, Gay, Bisexual, and Transgender Search Terminology: A Systematic Review of Health Systematic Reviews.",772,1464210154.279373,PLoS One. 2016 May 24;11(5):e0156210. doi: 10.1371/journal.pone.0156210. eCollection 2016.,0:00:02.02,PloS one,"Lee JG, Ylioja T, Lackey M.",1,PLoS One,27219460,http://dx.plos.org/10.1371/journal.pone.0156210
http://www.ncbi.nlm.nih.gov/pubmed/27218469,PLoS One,1464210153.648353,154354,1000,51,Construction and Experimental Validation of a Petri Net Model of Wnt/β-Catenin Signaling.,772,1464210155.083283,PLoS One. 2016 May 24;11(5):e0155743. doi: 10.1371/journal.pone.0155743. eCollection 2016.,0:00:01.43,PloS one,"Jacobsen A, Heijmans N, Verkaar F, Smit MJ, Heringa J, van Amerongen R, Feenstra KA.",1,PLoS One,27218469,http://dx.plos.org/10.1371/journal.pone.0155743
http://www.ncbi.nlm.nih.gov/pubmed/27218464,PLoS One,1464210153.975603,154354,1000,55,Prediction and Quantification of Splice Events from RNA-Seq Data.,772,1464210155.150481,PLoS One. 2016 May 24;11(5):e0156132. doi: 10.1371/journal.pone.0156132. eCollection 2016.,0:00:01.17,PloS one,"Goldstein LD, Cao Y, Pau G, Lawrence M, Wu TD, Seshagiri S, Gentleman R.",1,PLoS One,27218464,http://dx.plos.org/10.1371/journal.pone.0156132
http://www.ncbi.nlm.nih.gov/pubmed/27214518,PLoS One,1464210154.279723,154354,1000,66,Identification and Initial Characterization of Prophages in Vibrio campbellii.,772,1464210155.461057,PLoS One. 2016 May 23;11(5):e0156010. doi: 10.1371/journal.pone.0156010. eCollection 2016.,0:00:01.18,PloS one,"Lorenz N, Reiger M, Toro-Nahuelpan M, Brachmann A, Poettinger L, Plener L, Lassak J, Jung K.",1,PLoS One,27214518,http://dx.plos.org/10.1371/journal.pone.0156010
http://www.ncbi.nlm.nih.gov/pubmed/27219122,PLoS One,1464210152.531867,154354,1000,23,Small Molecule DFPM Derivative-Activated Plant Resistance Protein Signaling in Roots Is Unaffected by EDS1 Subcellular Targeting Signal and Chemical Genetic Isolation of victr R-Protein Mutants.,772,1464210156.491524,PLoS One. 2016 May 24;11(5):e0155937. doi: 10.1371/journal.pone.0155937. eCollection 2016.,0:00:03.96,PloS one,"Kunz HH, Park J, Mevers E, García AV, Highhouse S, Gerwick WH, Parker JE, Schroeder JI.",1,PLoS One,27219122,http://dx.plos.org/10.1371/journal.pone.0155937
http://www.ncbi.nlm.nih.gov/pubmed/27218463,PLoS One,1464210155.150733,154354,1000,56,Epothilones Suppress Neointimal Thickening in the Rat Carotid Balloon-Injury Model by Inducing Vascular Smooth Muscle Cell Apoptosis through p53-Dependent Signaling Pathway.,772,1464210156.616732,PLoS One. 2016 May 24;11(5):e0155859. doi: 10.1371/journal.pone.0155859. eCollection 2016.,0:00:01.47,PloS one,"Son DJ, Jung JC, Hong JT.",1,PLoS One,27218463,http://dx.plos.org/10.1371/journal.pone.0155859
http://www.ncbi.nlm.nih.gov/pubmed/27218468,PLoS One,1464210155.083532,154354,1000,52,Spreading Effect in Industrial Complex Network Based on Revised Structural Holes Theory.,772,1464210156.686489,PLoS One. 2016 May 24;11(5):e0156270. doi: 10.1371/journal.pone.0156270. eCollection 2016.,0:00:01.60,PloS one,"Xing L, Ye Q, Guan J.",1,PLoS One,27218468,http://dx.plos.org/10.1371/journal.pone.0156270
http://www.ncbi.nlm.nih.gov/pubmed/27214497,PLoS One,1464210155.461379,154354,1000,67,Brain Temperature in Spontaneously Hypertensive Rats during Physical Exercise in Temperate and Warm Environments.,772,1464210156.740469,PLoS One. 2016 May 23;11(5):e0155919. doi: 10.1371/journal.pone.0155919. eCollection 2016.,0:00:01.28,PloS one,"Drummond LR, Kunstetter AC, Vaz FF, Campos HO, Andrade AG, Coimbra CC, Natali AJ, Wanner SP, Prímola-Gomes TN.",1,PLoS One,27214497,http://dx.plos.org/10.1371/journal.pone.0155919
http://www.ncbi.nlm.nih.gov/pubmed/27214385,PLoS One,1464210156.740861,154354,1000,68,Social and Physical Environmental Factors Influencing Adolescents' Physical Activity in Urban Public Open Spaces: A Qualitative Study Using Walk-Along Interviews.,772,1464210158.377886,PLoS One. 2016 May 23;11(5):e0155686. doi: 10.1371/journal.pone.0155686. eCollection 2016.,0:00:01.64,PloS one,"Van Hecke L, Deforche B, Van Dyck D, De Bourdeaudhuij I, Veitch J, Van Cauwenberg J.",1,PLoS One,27214385,http://dx.plos.org/10.1371/journal.pone.0155686
http://www.ncbi.nlm.nih.gov/pubmed/27214233,PLoS One,1464210156.687115,154354,1000,79,Imposed Optical Defocus Induces Isoform-Specific Up-Regulation of TGFβ Gene Expression in Chick Retinal Pigment Epithelium and Choroid but Not Neural Retina.,772,1464210159.517999,PLoS One. 2016 May 23;11(5):e0155356. doi: 10.1371/journal.pone.0155356. eCollection 2016.,0:00:02.83,PloS one,"Zhang Y, Raychaudhuri S, Wildsoet CF.",1,PLoS One,27214233,http://dx.plos.org/10.1371/journal.pone.0155356
http://www.ncbi.nlm.nih.gov/pubmed/27219116,PLoS One,1464210156.491898,154354,1000,24,Climate Change and Maize Yield in Iowa.,772,1464210161.13135,PLoS One. 2016 May 24;11(5):e0156083. doi: 10.1371/journal.pone.0156083. eCollection 2016.,0:00:04.64,PloS one,"Xu H, Twine TE, Girvetz E.",1,PLoS One,27219116,http://dx.plos.org/10.1371/journal.pone.0156083
http://www.ncbi.nlm.nih.gov/pubmed/27214384,PLoS One,1464210158.378091,154354,1000,69,IL-4 Causes Hyperpermeability of Vascular Endothelial Cells through Wnt5A Signaling.,772,1464210161.358688,PLoS One. 2016 May 23;11(5):e0156002. doi: 10.1371/journal.pone.0156002. eCollection 2016.,0:00:02.98,PloS one,"Skaria T, Burgener J, Bachli E, Schoedon G.",1,PLoS One,27214384,http://dx.plos.org/10.1371/journal.pone.0156002
http://www.ncbi.nlm.nih.gov/pubmed/27218462,PLoS One,1464210156.617067,154354,1000,57,"Correction: Associations of ACE Gene Insertion/Deletion Polymorphism, ACE Activity, and ACE mRNA Expression with Hypertension in a Chinese Population.",772,1464210161.395183,PLoS One. 2016 May 24;11(5):e0156564. doi: 10.1371/journal.pone.0156564. eCollection 2016.,0:00:04.78,PloS one,"He Q, Fan C, Yu M, Wallar G, Zhang ZF, Wang L, Zhang X, Hu R.",1,PLoS One,27218462,http://dx.plos.org/10.1371/journal.pone.0156564
http://www.ncbi.nlm.nih.gov/pubmed/27214231,PLoS One,1464210159.518317,154354,1000,80,Correction: Correlative Gene Expression to Protective Seroconversion In Rift Valley Vaccinates.,772,1464210162.135946,PLoS One. 2016 May 23;11(5):e0156469. doi: 10.1371/journal.pone.0156469. eCollection 2016.,0:00:02.62,PloS one,"Laughin RC, Drake KL, Morrill JC, Adams LG.",1,PLoS One,27214231,http://dx.plos.org/10.1371/journal.pone.0156469
Not found,PLoS One,1464210162.136218,154354,1000,81,Comparative Profiling of microRNA Expression in Soybean Seeds from Genetically Modified Plants and their Near-Isogenic Parental Lines.,772,1464210162.501208,PLoS One. 2016 May 23;11(5):e0155896. doi: 10.1371/journal.pone.0155896. eCollection 2016.,0:00:00.36,PloS one,"Wang Y, Lan Q, Zhao X, Xu W, Li F, Wang Q, Chen R.",1,PLoS One,27214227,Not found
Not found,Not found,1464210162.501408,154354,1000,Not found,Not found,772,1464210162.515812,Not found,0:00:00.01,Not found,Not found,1,PLoS One,Not found,Not found
Not found,Not found,1464210162.516013,154354,1000,Not found,Not found,772,1464210162.534176,Not found,0:00:00.02,Not found,Not found,1,PLoS One,Not found,Not found
Not found,Not found,1464210162.53444,154354,1000,Not found,Not found,772,1464210162.553894,Not found,0:00:00.02,Not found,Not found,1,PLoS One,Not found,Not found
Not found,Not found,1464210162.554414,154354,1000,Not found,Not found,772,1464210162.579859,Not found,0:00:00.03,Not found,Not found,1,PLoS One,Not found,Not found
Not found,Not found,1464210162.580082,154354,1000,Not found,Not found,772,1464210162.601631,Not found,0:00:00.02,Not found,Not found,1,PLoS One,Not found,Not found
Not found,Not found,1464210162.601829,154354,1000,Not found,Not found,772,1464210162.615742,Not found,0:00:00.01,Not found,Not found,1,PLoS One,Not found,Not found
Not found,Not found,1464210162.615917,154354,1000,Not found,Not found,772,1464210162.63371,Not found,0:00:00.02,Not found,Not found,1,PLoS One,Not found,Not found
Not found,Not found,1464210162.633899,154354,1000,Not found,Not found,772,1464210162.673268,Not found,0:00:00.04,Not found,Not found,1,PLoS One,Not found,Not found
Not found,Not found,1464210162.673675,154354,1000,Not found,Not found,772,1464210162.740578,Not found,0:00:00.07,Not found,Not found,1,PLoS One,Not found,Not found
Not found,Not found,1464210162.741522,154354,1000,Not found,Not found,772,1464210162.829318,Not found,0:00:00.09,Not found,Not found,1,PLoS One,Not found,Not found
Not found,Not found,1464210162.830472,154354,1000,Not found,Not found,772,1464210163.050642,Not found,0:00:00.22,Not found,Not found,1,PLoS One,Not found,Not found
Not found,Not found,1464210163.053052,154354,1000,Not found,Not found,772,1464210163.500495,Not found,0:00:00.45,Not found,Not found,1,PLoS One,Not found,Not found
Not found,Not found,1464210163.502784,154354,1000,Not found,Not found,772,1464210164.359952,Not found,0:00:00.86,Not found,Not found,1,PLoS One,Not found,Not found
http://www.ncbi.nlm.nih.gov/pubmed/27214381,PLoS One,1464210161.359167,154354,1000,70,Wnt Pathway Stabilizes MeCP2 Protein to Repress PPAR-γ in Activation of Hepatic Stellate Cells.,772,1464210164.991309,PLoS One. 2016 May 23;11(5):e0156111. doi: 10.1371/journal.pone.0156111. eCollection 2016.,0:00:03.63,PloS one,"Kweon SM, Chi F, Higashiyama R, Lai K, Tsukamoto H.",1,PLoS One,27214381,http://dx.plos.org/10.1371/journal.pone.0156111
Not found,Not found,1464210164.362577,154354,1000,Not found,Not found,772,1464210165.151688,Not found,0:00:00.79,Not found,Not found,1,PLoS One,Not found,Not found
Not found,Not found,1464210164.992158,154354,1000,Not found,Not found,772,1464210165.734859,Not found,0:00:00.74,Not found,Not found,1,PLoS One,Not found,Not found
Not found,Not found,1464210165.157498,154354,1000,Not found,Not found,772,1464210165.898956,Not found,0:00:00.74,Not found,Not found,1,PLoS One,Not found,Not found
Not found,Not found,1464210165.740414,154354,1000,Not found,Not found,772,1464210166.480126,Not found,0:00:00.74,Not found,Not found,1,PLoS One,Not found,Not found
Not found,Not found,1464210165.903823,154354,1000,Not found,Not found,772,1464210166.762176,Not found,0:00:00.86,Not found,Not found,1,PLoS One,Not found,Not found
http://www.ncbi.nlm.nih.gov/pubmed/27218260,PLoS One,1464210161.395783,154354,1000,58,Potential Connectivity of Coldwater Black Coral Communities in the Northern Gulf of Mexico.,772,1464210167.054249,PLoS One. 2016 May 24;11(5):e0156257. doi: 10.1371/journal.pone.0156257. eCollection 2016.,0:00:05.66,PloS one,"Cardona Y, Ruiz-Ramos DV, Baums IB, Bracco A.",1,PLoS One,27218260,http://dx.plos.org/10.1371/journal.pone.0156257
Not found,Not found,1464210166.48105,154354,1000,Not found,Not found,772,1464210167.214818,Not found,0:00:00.73,Not found,Not found,1,PLoS One,Not found,Not found
Not found,Not found,1464210166.76573,154354,1000,Not found,Not found,772,1464210167.254976,Not found,0:00:00.49,Not found,Not found,1,PLoS One,Not found,Not found
Not found,Not found,1464210167.054511,154354,1000,Not found,Not found,772,1464210167.516118,Not found,0:00:00.46,Not found,Not found,1,PLoS One,Not found,Not found
http://www.ncbi.nlm.nih.gov/pubmed/27219110,PLoS One,1464210161.131686,154354,1000,25,Influence of the Oil Phase and Topical Formulation on the Wound Healing Ability of a Birch Bark Dry Extract.,772,1464210168.012008,PLoS One. 2016 May 24;11(5):e0155582. doi: 10.1371/journal.pone.0155582. eCollection 2016.,0:00:06.88,PloS one,"Steinbrenner I, Houdek P, Pollok S, Brandner JM, Daniels R.",1,PLoS One,27219110,http://dx.plos.org/10.1371/journal.pone.0155582
Not found,Not found,1464210167.228548,154354,1000,Not found,Not found,772,1464210168.108699,Not found,0:00:00.88,Not found,Not found,1,PLoS One,Not found,Not found
Not found,Not found,1464210167.26365,154354,1000,Not found,Not found,772,1464210168.170463,Not found,0:00:00.91,Not found,Not found,1,PLoS One,Not found,Not found
Not found,Not found,1464210167.520641,154354,1000,Not found,Not found,772,1464210168.412002,Not found,0:00:00.89,Not found,Not found,1,PLoS One,Not found,Not found
Not found,Not found,1464210168.108993,154354,1000,Not found,Not found,772,1464210168.752457,Not found,0:00:00.64,Not found,Not found,1,PLoS One,Not found,Not found
Not found,Not found,1464210168.017863,154354,1000,Not found,Not found,772,1464210168.912337,Not found,0:00:00.89,Not found,Not found,1,PLoS One,Not found,Not found
Not found,Not found,1464210168.172741,154354,1000,Not found,Not found,772,1464210169.03372,Not found,0:00:00.86,Not found,Not found,1,PLoS One,Not found,Not found
Not found,Not found,1464210168.415673,154354,1000,Not found,Not found,772,1464210169.205997,Not found,0:00:00.79,Not found,Not found,1,PLoS One,Not found,Not found
Not found,Not found,1464210168.758753,154354,1000,Not found,Not found,772,1464210169.421036,Not found,0:00:00.66,Not found,Not found,1,PLoS One,Not found,Not found
Not found,Not found,1464210168.920749,154354,1000,Not found,Not found,772,1464210169.672945,Not found,0:00:00.75,Not found,Not found,1,PLoS One,Not found,Not found
Not found,Not found,1464210169.425369,154354,1000,Not found,Not found,772,1464210169.69514,Not found,0:00:00.27,Not found,Not found,1,PLoS One,Not found,Not found
Not found,Not found,1464210169.038337,154354,1000,Not found,Not found,772,1464210169.811736,Not found,0:00:00.77,Not found,Not found,1,PLoS One,Not found,Not found
Not found,Not found,1464210169.209869,154354,1000,Not found,Not found,772,1464210169.954806,Not found,0:00:00.74,Not found,Not found,1,PLoS One,Not found,Not found
Not found,Not found,1464210169.682384,154354,1000,Not found,Not found,772,1464210170.312589,Not found,0:00:00.63,Not found,Not found,1,PLoS One,Not found,Not found
Not found,Not found,1464210169.698191,154354,1000,Not found,Not found,772,1464210170.415917,Not found,0:00:00.72,Not found,Not found,1,PLoS One,Not found,Not found
Not found,Not found,1464210169.81737,154354,1000,Not found,Not found,772,1464210170.617494,Not found,0:00:00.80,Not found,Not found,1,PLoS One,Not found,Not found
Not found,Not found,1464210169.955243,154354,1000,Not found,Not found,772,1464210170.838545,Not found,0:00:00.88,Not found,Not found,1,PLoS One,Not found,Not found
Not found,Not found,1464210170.316794,154354,1000,Not found,Not found,772,1464210170.851436,Not found,0:00:00.53,Not found,Not found,1,PLoS One,Not found,Not found
Not found,Not found,1464210170.425628,154354,1000,Not found,Not found,772,1464210171.190016,Not found,0:00:00.76,Not found,Not found,1,PLoS One,Not found,Not found
Not found,Not found,1464210170.622672,154354,1000,Not found,Not found,772,1464210171.198943,Not found,0:00:00.58,Not found,Not found,1,PLoS One,Not found,Not found
Not found,Not found,1464210170.841082,154354,1000,Not found,Not found,772,1464210171.220518,Not found,0:00:00.38,Not found,Not found,1,PLoS One,Not found,Not found
Not found,Not found,1464210170.851816,154354,1000,Not found,Not found,772,1464210171.500419,Not found,0:00:00.65,Not found,Not found,1,PLoS One,Not found,Not found
Not found,Not found,1464210171.194402,154354,1000,Not found,Not found,772,1464210172.00015,Not found,0:00:00.81,Not found,Not found,1,PLoS One,Not found,Not found
Not found,Not found,1464210171.224437,154354,1000,Not found,Not found,772,1464210172.074827,Not found,0:00:00.85,Not found,Not found,1,PLoS One,Not found,Not found
Not found,Not found,1464210171.201492,154354,1000,Not found,Not found,772,1464210172.146691,Not found,0:00:00.95,Not found,Not found,1,PLoS One,Not found,Not found
Not found,Not found,1464210171.506096,154354,1000,Not found,Not found,772,1464210172.3075,Not found,0:00:00.80,Not found,Not found,1,PLoS One,Not found,Not found
Not found,Not found,1464210172.004635,154354,1000,Not found,Not found,772,1464210172.820301,Not found,0:00:00.82,Not found,Not found,1,PLoS One,Not found,Not found
Not found,Not found,1464210172.083496,154354,1000,Not found,Not found,772,1464210172.924397,Not found,0:00:00.84,Not found,Not found,1,PLoS One,Not found,Not found
Not found,Not found,1464210172.310153,154354,1000,Not found,Not found,772,1464210172.981491,Not found,0:00:00.67,Not found,Not found,1,PLoS One,Not found,Not found
Not found,Not found,1464210172.157481,154354,1000,Not found,Not found,772,1464210172.989868,Not found,0:00:00.83,Not found,Not found,1,PLoS One,Not found,Not found
Not found,Not found,1464210172.995928,154354,1000,Not found,Not found,772,1464210173.592468,Not found,0:00:00.60,Not found,Not found,1,PLoS One,Not found,Not found
Not found,Not found,1464210172.985274,154354,1000,Not found,Not found,772,1464210173.603084,Not found,0:00:00.62,Not found,Not found,1,PLoS One,Not found,Not found
Not found,Not found,1464210172.826899,154354,1000,Not found,Not found,772,1464210173.700669,Not found,0:00:00.87,Not found,Not found,1,PLoS One,Not found,Not found
Not found,Not found,1464210172.928425,154354,1000,Not found,Not found,772,1464210173.77489,Not found,0:00:00.85,Not found,Not found,1,PLoS One,Not found,Not found
Not found,Not found,1464210173.59875,154354,1000,Not found,Not found,772,1464210174.438815,Not found,0:00:00.84,Not found,Not found,1,PLoS One,Not found,Not found
Not found,Not found,1464210173.607964,154354,1000,Not found,Not found,772,1464210174.453862,Not found,0:00:00.85,Not found,Not found,1,PLoS One,Not found,Not found
Not found,Not found,1464210173.701051,154354,1000,Not found,Not found,772,1464210174.595868,Not found,0:00:00.89,Not found,Not found,1,PLoS One,Not found,Not found
Not found,Not found,1464210173.779928,154354,1000,Not found,Not found,772,1464210174.675703,Not found,0:00:00.90,Not found,Not found,1,PLoS One,Not found,Not found
Not found,Not found,1464210174.457497,154354,1000,Not found,Not found,772,1464210175.357389,Not found,0:00:00.90,Not found,Not found,1,PLoS One,Not found,Not found
Not found,Not found,1464210174.443439,154354,1000,Not found,Not found,772,1464210175.397648,Not found,0:00:00.95,Not found,Not found,1,PLoS One,Not found,Not found
Not found,Not found,1464210174.599619,154354,1000,Not found,Not found,772,1464210175.490463,Not found,0:00:00.89,Not found,Not found,1,PLoS One,Not found,Not found
Not found,Not found,1464210174.680334,154354,1000,Not found,Not found,772,1464210175.500125,Not found,0:00:00.82,Not found,Not found,1,PLoS One,Not found,Not found
Not found,Not found,1464210175.402041,154354,1000,Not found,Not found,772,1464210176.160797,Not found,0:00:00.76,Not found,Not found,1,PLoS One,Not found,Not found
Not found,Not found,1464210175.362817,154354,1000,Not found,Not found,772,1464210176.280716,Not found,0:00:00.92,Not found,Not found,1,PLoS One,Not found,Not found
Not found,Not found,1464210175.502269,154354,1000,Not found,Not found,772,1464210176.467893,Not found,0:00:00.97,Not found,Not found,1,PLoS One,Not found,Not found
Not found,Not found,1464210175.503412,154354,1000,Not found,Not found,772,1464210176.547245,Not found,0:00:01.04,Not found,Not found,1,PLoS One,Not found,Not found
Not found,Not found,1464210176.166535,154354,1000,Not found,Not found,772,1464210177.103439,Not found,0:00:00.94,Not found,Not found,1,PLoS One,Not found,Not found
Not found,Not found,1464210176.287061,154354,1000,Not found,Not found,772,1464210177.256296,Not found,0:00:00.97,Not found,Not found,1,PLoS One,Not found,Not found
Not found,Not found,1464210176.473596,154354,1000,Not found,Not found,772,1464210177.393655,Not found,0:00:00.92,Not found,Not found,1,PLoS One,Not found,Not found
Not found,Not found,1464210176.551163,154354,1000,Not found,Not found,772,1464210177.453492,Not found,0:00:00.90,Not found,Not found,1,PLoS One,Not found,Not found
Not found,Not found,1464210177.107944,154354,1000,Not found,Not found,772,1464210178.023021,Not found,0:00:00.92,Not found,Not found,1,PLoS One,Not found,Not found
Not found,Not found,1464210177.262396,154354,1000,Not found,Not found,772,1464210178.074049,Not found,0:00:00.81,Not found,Not found,1,PLoS One,Not found,Not found
Not found,Not found,1464210177.398361,154354,1000,Not found,Not found,772,1464210178.318465,Not found,0:00:00.92,Not found,Not found,1,PLoS One,Not found,Not found
Not found,Not found,1464210177.458113,154354,1000,Not found,Not found,772,1464210178.321075,Not found,0:00:00.86,Not found,Not found,1,PLoS One,Not found,Not found
Not found,Not found,1464210178.025589,154354,1000,Not found,Not found,772,1464210178.863948,Not found,0:00:00.84,Not found,Not found,1,PLoS One,Not found,Not found
Not found,Not found,1464210178.079979,154354,1000,Not found,Not found,772,1464210179.017636,Not found,0:00:00.94,Not found,Not found,1,PLoS One,Not found,Not found
Not found,Not found,1464210178.323158,154354,1000,Not found,Not found,772,1464210179.156631,Not found,0:00:00.83,Not found,Not found,1,PLoS One,Not found,Not found
Not found,Not found,1464210178.326035,154354,1000,Not found,Not found,772,1464210179.172269,Not found,0:00:00.85,Not found,Not found,1,PLoS One,Not found,Not found
Not found,Not found,1464210178.867716,154354,1000,Not found,Not found,772,1464210179.709925,Not found,0:00:00.84,Not found,Not found,1,PLoS One,Not found,Not found
Not found,Not found,1464210179.023857,154354,1000,Not found,Not found,772,1464210179.908628,Not found,0:00:00.88,Not found,Not found,1,PLoS One,Not found,Not found
Not found,Not found,1464210179.160467,154354,1000,Not found,Not found,772,1464210180.064567,Not found,0:00:00.90,Not found,Not found,1,PLoS One,Not found,Not found
Not found,Not found,1464210179.177031,154354,1000,Not found,Not found,772,1464210180.068477,Not found,0:00:00.89,Not found,Not found,1,PLoS One,Not found,Not found
Not found,Not found,1464210179.710187,154354,1000,Not found,Not found,772,1464210180.447556,Not found,0:00:00.74,Not found,Not found,1,PLoS One,Not found,Not found
Not found,Not found,1464210179.914192,154354,1000,Not found,Not found,772,1464210180.772476,Not found,0:00:00.86,Not found,Not found,1,PLoS One,Not found,Not found
Not found,Not found,1464210180.07114,154354,1000,Not found,Not found,772,1464210180.863105,Not found,0:00:00.79,Not found,Not found,1,PLoS One,Not found,Not found
Not found,Not found,1464210180.068613,154354,1000,Not found,Not found,772,1464210180.933989,Not found,0:00:00.87,Not found,Not found,1,PLoS One,Not found,Not found
Not found,Not found,1464210180.450138,154354,1000,Not found,Not found,772,1464210181.421821,Not found,0:00:00.97,Not found,Not found,1,PLoS One,Not found,Not found
Not found,Not found,1464210180.775989,154354,1000,Not found,Not found,772,1464210181.656857,Not found,0:00:00.88,Not found,Not found,1,PLoS One,Not found,Not found
Not found,Not found,1464210180.867633,154354,1000,Not found,Not found,772,1464210181.788872,Not found,0:00:00.92,Not found,Not found,1,PLoS One,Not found,Not found
Not found,Not found,1464210180.938443,154354,1000,Not found,Not found,772,1464210181.792255,Not found,0:00:00.85,Not found,Not found,1,PLoS One,Not found,Not found
Not found,Not found,1464210181.426327,154354,1000,Not found,Not found,772,1464210182.330927,Not found,0:00:00.90,Not found,Not found,1,PLoS One,Not found,Not found
Not found,Not found,1464210181.663396,154354,1000,Not found,Not found,772,1464210182.537528,Not found,0:00:00.87,Not found,Not found,1,PLoS One,Not found,Not found
Not found,Not found,1464210181.7943,154354,1000,Not found,Not found,772,1464210182.749648,Not found,0:00:00.96,Not found,Not found,1,PLoS One,Not found,Not found
Not found,Not found,1464210181.799969,154354,1000,Not found,Not found,772,1464210182.794403,Not found,0:00:00.99,Not found,Not found,1,PLoS One,Not found,Not found
Not found,Not found,1464210182.335124,154354,1000,Not found,Not found,772,1464210183.214152,Not found,0:00:00.88,Not found,Not found,1,PLoS One,Not found,Not found
Not found,Not found,1464210182.541617,154354,1000,Not found,Not found,772,1464210183.343141,Not found,0:00:00.80,Not found,Not found,1,PLoS One,Not found,Not found
Not found,Not found,1464210182.799972,154354,1000,Not found,Not found,772,1464210183.725998,Not found,0:00:00.93,Not found,Not found,1,PLoS One,Not found,Not found
Not found,Not found,1464210182.750281,154354,1000,Not found,Not found,772,1464210183.734496,Not found,0:00:00.98,Not found,Not found,1,PLoS One,Not found,Not found
Not found,Not found,1464210183.219059,154354,1000,Not found,Not found,772,1464210184.127658,Not found,0:00:00.91,Not found,Not found,1,PLoS One,Not found,Not found
Not found,Not found,1464210183.34708,154354,1000,Not found,Not found,772,1464210184.170602,Not found,0:00:00.82,Not found,Not found,1,PLoS One,Not found,Not found
Not found,Not found,1464210183.726987,154354,1000,Not found,Not found,772,1464210184.592364,Not found,0:00:00.87,Not found,Not found,1,PLoS One,Not found,Not found
Not found,Not found,1464210183.738027,154354,1000,Not found,Not found,772,1464210184.599453,Not found,0:00:00.86,Not found,Not found,1,PLoS One,Not found,Not found
Not found,Not found,1464210184.128066,154354,1000,Not found,Not found,772,1464210185.056432,Not found,0:00:00.93,Not found,Not found,1,PLoS One,Not found,Not found
Not found,Not found,1464210184.173781,154354,1000,Not found,Not found,772,1464210185.072248,Not found,0:00:00.90,Not found,Not found,1,PLoS One,Not found,Not found
Not found,Not found,1464210184.60452,154354,1000,Not found,Not found,772,1464210185.565143,Not found,0:00:00.96,Not found,Not found,1,PLoS One,Not found,Not found
Not found,Not found,1464210184.597459,154354,1000,Not found,Not found,772,1464210185.580596,Not found,0:00:00.98,Not found,Not found,1,PLoS One,Not found,Not found
Not found,Not found,1464210185.062087,154354,1000,Not found,Not found,772,1464210186.01728,Not found,0:00:00.96,Not found,Not found,1,PLoS One,Not found,Not found
Not found,Not found,1464210185.072777,154354,1000,Not found,Not found,772,1464210186.041573,Not found,0:00:00.97,Not found,Not found,1,PLoS One,Not found,Not found
Not found,Not found,1464210185.585704,154354,1000,Not found,Not found,772,1464210186.529735,Not found,0:00:00.94,Not found,Not found,1,PLoS One,Not found,Not found
Not found,Not found,1464210185.574405,154354,1000,Not found,Not found,772,1464210186.549087,Not found,0:00:00.97,Not found,Not found,1,PLoS One,Not found,Not found
